{
  "input_file": "data/equities/QQQ_RTH_NH.csv",
  "total_bars": 292385,
  "sequences_generated": 292254,
  "sequence_length": 64,
  "feature_dimension": 91,
  "lookahead_window": 5,
  "target_statistics": {
    "mean": 0.00106642,
    "std": 0.12335436,
    "min": -0.99997103,
    "max": 0.99990010
  },
  "normalization": {
    "means": [-0.81470823, -0.31917885, -0.04897069, 0.00001332, 0.15014425, -0.34059826, 0.01008548, -0.02594353, 0.00066843, 0.00000099, 0.00015666, 0.00016490, 0.00000136, 0.51330370, 0.00066843, 0.00000262, 0.00000260, 0.00000261, 0.28616923, 53.90322113, 0.00024482, 0.00012120, 0.00006004, 0.00002331, 0.00001102, 0.00000487, 0.00002254, 0.00001064, 0.00005810, 0.00000468, 0.00000000, 0.00000000, 0.00000000, 0.00000000, 0.00000000, 0.00000000, 0.51015466, 0.51091224, 0.00001308, 0.00002613, 0.00000262, 0.00000000, 0.00000000, 0.00000000, 0.00000000, 0.00000000, 0.00000000, 0.00000000, 0.00000000, 0.00000000, 0.00000000, 0.00000000, 0.00000000, 0.00000000, 0.00000000, 0.00000000, 0.00068498, 0.00068499, 0.00048336, 0.00767310, 0.00000000, 0.00000000, 0.00000000, 0.00000000, 0.00000000, 0.00000000, 0.00000000, 0.00000000, 0.00000000, 0.00000000, 0.00000000, 0.01513131, 21132.24218750, 0.00000000, 0.00000000, 0.00000000, 0.00000000, 0.00000000, 0.00000000, 0.00000000, 0.00000000, 0.00000000, 0.00000000, 0.09327642, 0.04973109, 0.04345845, 0.04299776, 0.04190768, 0.00000000, 0.00000000, 0.00000000],
    "stds": [0.20733932, 0.43747699, 0.70449471, 0.70801777, 0.74581271, 0.55246103, 0.71542120, 0.69813877, 0.00055335, 0.00052628, 0.00022447, 0.00022846, 0.00042870, 0.31496903, 0.00055351, 0.00067560, 0.00064770, 0.00065838, 2.43733311, 250.54209900, 0.00540809, 0.00381636, 0.00268845, 0.00166964, 0.00113645, 0.00073824, 0.00142562, 0.00095712, 0.00231483, 0.00060246, 1.00000000, 1.00000000, 1.00000000, 1.00000000, 1.00000000, 1.00000000, 0.13981751, 0.16748220, 0.00150735, 0.00212432, 0.00030141, 1.00000000, 1.00000000, 1.00000000, 1.00000000, 1.00000000, 1.00000000, 1.00000000, 1.00000000, 1.00000000, 1.00000000, 1.00000000, 1.00000000, 1.00000000, 1.00000000, 1.00000000, 0.00046057, 0.00044837, 0.00047236, 0.00749852, 1.00000000, 1.00000000, 1.00000000, 1.00000000, 1.00000000, 1.00000000, 1.00000000, 1.00000000, 1.00000000, 1.00000000, 1.00000000, 0.75540394, 102543.13281250, 1.00000000, 1.00000000, 1.00000000, 1.00000000, 1.00000000, 1.00000000, 1.00000000, 1.00000000, 1.00000000, 1.00000000, 0.29081941, 0.21738884, 0.20388678, 0.20285204, 0.20037821, 1.00000000, 1.00000000, 1.00000000]
  },
  "processing_time_seconds": 1296,
  "data_validation": {
    "targets_in_range": true,
    "features_normalized": true,
    "target_scaling_method": "tanh(log_return * 100.0)"
  },
  "created": "2025-09-26 16:47:58",
  "version": "corrected_v1",
  "fixes_applied": [
    "Bounded target scaling using tanh",
    "Proper feature normalization with computed statistics",
    "Data range validation"
  ]
}
