{
  "basic_stats": {
    "total_bars": 1392,
    "avg_return": 8.907423396227781e-06,
    "volatility": 0.00022693502415926424,
    "skewness": 2.323414300782101,
    "kurtosis": 29.3163849072588,
    "avg_volume": 148027.88218390805,
    "volume_volatility": 145901.58752421208,
    "current_price": 671.505,
    "price_range": {
      "min": 663.06,
      "max": 672.675
    }
  },
  "order_patterns": {
    "avg_spread": 0.00028277205135754846,
    "spread_volatility": 0.00016440681727675904,
    "volume_price_correlation": -0.107983315364633,
    "volatility_clustering": 0.974033457616179
  },
  "technical_patterns": {
    "avg_rsi": 53.4668784380644,
    "rsi_volatility": 15.463421760247488,
    "momentum_5_mean": 3.9927435432520335e-05,
    "momentum_20_mean": 0.00015444611494492676,
    "bollinger_position": 0.5489096118577994
  },
  "market_regimes": {
    "high_vol": {
      "threshold": 0.0002597504931603368,
      "count": 275,
      "avg_return": 3.668740070445073e-05,
      "avg_volume": 201711.40363636363,
      "avg_rsi": 51.9420090339653
    },
    "low_vol": {
      "threshold": 0.00011967516248558316,
      "count": 275,
      "avg_return": 2.536773243587395e-06,
      "avg_volume": 91360.97818181818,
      "avg_rsi": 57.593253606620166
    },
    "trending_up": {
      "threshold": 0.00014187150921429748,
      "count": 278,
      "avg_volatility": 0.000230728585617928,
      "avg_volume": 190585.87769784173
    },
    "trending_down": {
      "threshold": -0.00012695188523537126,
      "count": 278,
      "avg_volatility": 0.00023220217452266418,
      "avg_volume": 184254.90287769784
    },
    "overbought": {
      "threshold": 67.99169243927605,
      "count": 276,
      "avg_return": 7.127232019886726e-05,
      "avg_volatility": 0.00020274305407978825
    },
    "oversold": {
      "threshold": 39.99927259501746,
      "count": 276,
      "avg_return": -7.027401629894307e-05,
      "avg_volatility": 0.000227679886270926
    }
  },
  "time_patterns": {
    "hourly_volatility": {
      "9": 0.00045219159505064445,
      "10": 0.00024295457569427614,
      "11": 0.00016733175520955649,
      "12": 0.00013457319399466552,
      "13": 0.00017603413571243848,
      "14": 0.0001795959003276355,
      "15": 0.00014843098869731547,
      "16": 0.00020482340922741552
    },
    "hourly_volume": {
      "9": 286750.5916666667,
      "10": 153334.06666666668,
      "11": 114156.18333333333,
      "12": 76920.07916666666,
      "13": 140171.54497354498,
      "14": 121204.42222222222,
      "15": 221312.44444444444,
      "16": 280268.0
    },
    "hourly_returns": {
      "9": 4.635198581935568e-05,
      "10": 1.3639464977613832e-05,
      "11": 2.1161269430824507e-05,
      "12": -2.130288596057887e-06,
      "13": -1.3688886989238026e-05,
      "14": 1.953351832388872e-05,
      "15": -1.2688060263219312e-05,
      "16": 0.00012948327557456749
    },
    "daily_patterns": {
      "0": 1.505351210842926e-05,
      "2": 2.0005242148630922e-05,
      "3": 3.5430334335639573e-06,
      "4": -2.400606600581375e-07
    },
    "monthly_patterns": {
      "10": 8.907423396227781e-06
    }
  },
  "volatility_patterns": {
    "clustering_strength": 0.974033457616179,
    "mean_reversion": 0.05491206028733182,
    "volatility_of_volatility": 0.00011104592934242809,
    "extreme_volatility_threshold": 0.0004012837459157231,
    "low_volatility_threshold": 9.887441987304214e-05
  }
}